상품명,가격,상품 링크
촉촉한 선물용 머스크 메론 7-8kg 8수 ,"24,900",http://adgate.auction.co.kr/core/click?nextUrl=http%3a%2f%2fitempage3.auction.co.kr%2fDetailView.aspx%3fitemno%3dC613214466&data=wGQgIPptjsx%2fW92%2f75nSB0RkHjqkWm3K75cnYDpqirjRkFRLc%2b%2b4ZDeQGe63Lgrzip8dBRaWyyHwZWL76q3CISZx1tTF1v1EfsxAVz%2fWl%2fAGGk3LWxpV2aSMsx543k1VKTl%2fHv8g%2fWBLdj5DLrmbp1SbR31Lvdj9AdSWhUe8JKKuDibxs8m5WM9usMGdgFj8WRS4zYuI8aW2MYW9ItpGS2o0yKeuCYHi3LZt4Do3p2AMBGUM6M3kwoxIek6dRzM%2bl8sCpzGB90bZnU9Am%2bTuHl4g1gnAH53aLJeM5nhU4LvPpsGOTZWro1ydVJZawpW7xJVHqM3Ucxjc0RerBpjXPmsL5Ry298hWkHrRCdcp2wE3Kzd55SrGGOgnICLtdCV%2fwVqKIgcJSZwFxNvdxRHBwMWv3fBiJHfGGgsm98AO8TBZENlYfY1Z2Erf73B490Ty%2bfc0Rwa8n7tCPm9Fz0A80hfyyOnmn8TLnKHP00CsnQaPt%2b2Ucg12uGDeg4qWT6iybZPyLiija7Sx2f%2fS7ZIFNfw0kNny858B3Lt9sJ0FdzbB1mujg7jrMLAKZdYVHlR%2b1RcH2BVjqeZAUVzbvrI1TsbZhXnAaLu3X%2b8nYfCxo%2bStWu18GY3x5CQFRFA9gpQlWaXPiR14AliizVErvP7kxhKxBX9B%2bD%2bxW7EyZ1gu87lXXcpa9Rqp8fT6LQS7VOHCqSJfDQ%2fZx1pI%3d&referrer=http%3a%2f%2fwww.auction.co.kr%2f&seq=338483029997&type=1
곡성 프리미엄 고당도 머스크 메론 특품 3.5kg (2수) ,"29,900",http://adgate.auction.co.kr/core/click?nextUrl=http%3a%2f%2fitempage3.auction.co.kr%2fDetailView.aspx%3fitemno%3dC523673402&data=wQq%2b4XegQwlXL2yFjC5EF0aTOcwP4PDae0ZVQgcunFK8RRleiPMqnQLcSFcNev6mLildpo%2fW%2fvhMSCv6zECa4vZgpxTU%2bfxyfIp1ik12L8WeP99WDb3b1dAf2P9RS9%2bKOv%2bYkkpp2pUyS%2bymAQBBW27J7fYGeDqD3%2bCSXvEETKvStFxDDty0HFEiEKgfMplpWehna8%2fUjNygecbhL%2feEosINvtnZA%2fhluwna1IPBuEo%2bRLdyJNeFgZ88txAt1I0UIznYMiNdXj2WuqW49bYWBfO4E%2bgaGzs1MeMI7uJw4mgcDAzmyCWC%2fDGCywkxYmQKXcR6V64MJuwX7JntqxNxguZixyam%2f7%2fr6nbIpP0OhEY95qnGb3%2fQu%2fBdZ2FY8Tf4Q%2bBpUcw3u2s9a2Fnd%2fopRGP34vHs%2b2zHSvTsXTum7nLZ2gbQrmdQuTvpmDgTyMh2TwwexnPgncBOFrPrEoMrDi8LfsolhBGxYW0xDY%2bbm69h3xyweeaVY69SMElG%2bvFQxPPOsiSqjQCXdB6AHaxsZO9Opx2hED1LZN3AtUR0YL1thgJ5i5hY%2fHkFS11%2f8V%2bFcZXVJUX2AG%2fel30W4PJN4RaEL%2fhkGdxGbA9O9Z8hubU5QMT0vRNAr1EfY%2fgOgJyjQ3Z6LTM4wk%2fRsgOnkigMA9VYqRAEVIEp0Sd2mOo%2bd3H1bpaaf3bKEKXpBj7GIxGs4HikxL8SMq7E%3d&referrer=http%3a%2f%2fwww.auction.co.kr%2f&seq=338483030002&type=1
곡성 프리미엄 고당도 머스크 메론 특품 6.5kg (4수) ,"48,900",http://adgate.auction.co.kr/core/click?nextUrl=http%3a%2f%2fitempage3.auction.co.kr%2fDetailView.aspx%3fitemno%3dC523673059&data=wGQgIPptjsx8HT6smf11wS%2fQ4%2bGKlWP8ZLoFU3PScDlyde04ckC3w03qaL3wROBNmipzYk7VyujIx4GjrsxPEw72UPyesnKSdSR4xbqeMAdjcPne7%2b%2fRkCDFy23VfyoMeoV8yBR6zp%2fqRpqCegTUJljtZvPRCj5pnMuoTFqna933K%2bN2qIJx%2bVYWsopJpGbxpSVZAe%2b%2b5XF2Z%2boI%2fCqAmGZgm1L9CwnjqGA7kxY%2feNhSYIa%2f07dJV5dsmC0HZXgu9iFv9DLsqiFVvuXBu6qSQq7LAeDmOtYNVWrHn8RmzHBQf%2bzzvMhkEW%2bYmPWQIQP%2fFa3uV7oSVTlPYmVNmGbE5wjzUCVDapEzGajFdGEUl%2fKwUpDoC3IdWNNGDUtcwSMrmoH8TNCmB0oRYJFZSYeH9B6r5L8deOKmZWuWZiwCnl5rvzUsjiYXpnBaCaDZf77GIS0prWT3PE%2bGt8rkZh7xBQ26FXiH4zEtbHYYM8xlr9swSVulFAZY13R9wPz6EbV8WNHXNNglrR%2bbCrIMAhHxdAhYWNVW438o3%2bVYingqKA7DVnZwof850dGjoOMwo%2fJ0N2KHcqHDwbclei9kNjZhWwAM8Eqp%2bY%2be6W7cXgQymS88FPU%2fOixuzcIOS5%2f0wfaiD%2b2HSABciRNQ5iMTaIPTpXU78%2fP7PPHiQ9dV1TJrB8c9OMZtsWnAN%2bHiL9oh3OfYYCSPiuhq%2fetU%3d&referrer=http%3a%2f%2fwww.auction.co.kr%2f&seq=338483030004&type=1
곡성 프리미엄 고당도 머스크 메론 특품 6.5kg (5수) ,"45,900",http://adgate.auction.co.kr/core/click?nextUrl=http%3a%2f%2fitempage3.auction.co.kr%2fDetailView.aspx%3fitemno%3dC523672767&data=wBx8rMLxPt3UGMWfF2cMjUtvS1SBY789g364MRAbbjXaoOhRo%2blkT1jEXU8AAizuOfpNWQpIgszA%2bIpAxwnuYpqErmiewIuNRvpwJbxvE%2bPauxCDxDtSda0gfy2dCln6LXwIRr4sdcBGt%2fDYoZ%2fWeO%2bdRPmttPUKoxvIibtQo6A9UTngeCJjvAaxmwblwHB55kOI%2flgdQqOCFO%2fOAQ07LlEH6FuKV8sO%2bDQ1rFY%2bwPmAd0J6rKHokNQwW%2ftR50qSWFrkjfGu25YHpijoMRrDItnHQFBKoyyp8kROOG17IUHU%2feUNpAkq7cdvibIj3ZUjX%2fNBj7Ro7orCuQxTqmo%2bmbNCepriRJiqyS7QMFZkub%2fsiHWmiafmL4BQEtZXRYBuw0VRPIngG1e48C1JLVsjj1b6q0OngcoYf279776I5Mg4CAB15BVhgL3z3RWSpD69xVdg0Na91XRkeqf9pURb329uDxYgeSKT0sofsSo2FyB2ZpDWUoWiOy3wQ8I%2fY4KdnXRo9%2ftlOYL4zYDQUZ2meQmxNiRQ0g%2bQjcuTFnktuqJJPpXaykTJyFtHPCri%2bC4MQ9VJy4MbruoS8m5gdojNcJfg%2baib1B%2bBfB6kRecVTJY6lJ5V4ZzP8pfwbmbmEhQ39EbHXxr0nOuNt1%2bAlN7ykqPwlTZ6WBd%2fbQCR6QxrOAgJyHeq3c54qHTEUAe2At0aFXlIFte4p2C8%3d&referrer=http%3a%2f%2fwww.auction.co.kr%2f&seq=338483030006&type=1
곡성 프리미엄 고당도 머스크 메론 특품 6.5kg (3수) ,"45,900",http://adgate.auction.co.kr/core/click?nextUrl=http%3a%2f%2fitempage3.auction.co.kr%2fDetailView.aspx%3fitemno%3dC523673144&data=wGQgIPptjsx%2fnjmtLSllI9FfrifYLm2cuvX%2b0Wk%2b5EXmEPlF6lDqNMZMWaAFQDjCU83Ud0b71xsNa7wOQr2TeNOmCQpydkb%2b3xebvB7WDBv2bmVr5sGvztjR6HsTfd%2bpG%2fNwpHdAQS9ZIeGyYULGtqIcuJKHIWm0jXOzDgsF%2bySM6%2b0TCNDy77iWIRNJBJ3KZF7gA5idB8%2bA6vfWTLmSw6BHVMPVgC0Xtk7EpuvgoRme%2f%2fQHFUGA1SqWm4cvI9knnrz4SivM0efbN8CDrnYTBu1pxELtZV5uKwsR4T%2bNTvAtbYV6uSuBuasFW2qXrnq1cI914%2fDGAAssJwlBZ%2fm5Wn7lDbDAp3xX4X44%2bduDSxyVFrwuXfUkaoxZe1KYhhTE%2fDb2KKa%2bSP4LX1YG7i0d7YfBOWCo91OsfM0zFYSbxUzM0orUxwi0zMcLzi5zzXDHRSRp%2bW7MkfEFgDeBB%2be72WpEmGpjsH9iy%2bvqyQx7fCIwdh9jshIvK4insc8mzIc44mZtUXFjtps%2bbBpFP3YyNx9taYFeeGYVwctdYT0YLFHg3XjJ%2b4YS8i6BTnERpQE32OKeTwPfSturAarQcVmRacAi5cPVjZG2Je4AbppF0wIlHBNW28FiLWow0xBD3PPvMMv0I6eI8%2fYCgv8g5LYfBB5AOO7JTHiuEQ7d4XCBO7a6%2f5R2zdNM%2bptFb%2bsHurXDDaLm%2bwS8d2%2bE%3d&referrer=http%3a%2f%2fwww.auction.co.kr%2f&seq=338483030007&type=1
곡성 메론 머스크 멜론 3kg 3수 ,"32,900",http://adgate.auction.co.kr/core/click?nextUrl=http%3a%2f%2fitempage3.auction.co.kr%2fDetailView.aspx%3fitemno%3dC413343121&data=wOK0mSUzlb5cr0UCExOvYvhHx3Xto7Mp0rjgPS9VJbBiDNhKUq3hx8GaUdOvSXQg4kpX08QQI%2fwELh7EmmVd5sBMfoJzPxRPIizKyX%2foFfSIU3vS2nFDAnWYfrCDob%2b8Z146uREFjx7aIv89N6i6PAOjaOzHo2k%2fwnCJlsaXKjTpPn7APo68zbA9uxpkhY2gQI4n4P9wYYHKDnh0EATWlH5wLVLTmgfqc2ml1LDI1VAfjAEa63uD0tTsHZqrxfcu%2bAX0OzjI3bF5HPIRheDcI9sIwAzMMC5npk5%2b32PIhXQ%2bXCueqWObw3mjnDw94c8a3OVRvg6zfqQa%2b5TL8xXVr62xBEXJtCNQpIdOZRNZTk13ztmb5yW%2fHjvWSFwe8dAPyLdRsMFOgr3iQUoaciODFg22JnoioW9gC%2fhQMTqYjUKetBPDT5CmdA2TcQoIn2vYldOJ2jMlYS%2bBDkxfeGqVWmTzKqVsn5ZPcHz8QmvkFmZSyKGqNh221iA2nkwgxKs%2fxGl3XVEorLdCBncTsv6mXZ1ywLnrbdpQa0KXcYi88%2fSNSOkYfDJJtKr%2fVXwkorMeHF6H%2fZ7ARmGbzpNdw9ZruHqUK2GNAF54a5yM25SMd0nqyIWj2NQB%2fzECrDS2fFC863wntVOO7rBv9f7xD%2f1p5381bYaKoeCHzSP%2f7YtAQlKcFZemQkphfElDgAB49a6kPKMFyYlt6wE0%3d&referrer=http%3a%2f%2fwww.auction.co.kr%2f&seq=338483030008&type=1
프리미엄 특등급 머스크멜론 멜론 3수 8kg내외 ,"58,800",http://adgate.auction.co.kr/core/click?nextUrl=http%3a%2f%2fitempage3.auction.co.kr%2fDetailView.aspx%3fitemno%3dB890839855&data=wrqo%2fxUTdNfauCiCLQQT1oYNgf9KcYuYpyCp%2fxgqqPivZLTM8vMHLUNCq1gSyxpL0Riw3wUFpRc%2f5AAowMdphAJvdPQlgOL1yKdPccW8bJzmlWAsaLWxs335F7XCzMOOYir3J0AzNNa4932I1A3I%2b7Nd%2ftfzw1PzBbiECGBBQdtlQtybHlfWfdNPQ1I4i2vSwZ66k2w5t%2bAgVvP710GfUNJvGBogQfTbi5gqYagNENWaEoUu0RVs7yOS9veazH0KM4ACeVqU9Cn1Csc7pLpJyspJwBzCpOGun6tdDayxSCPeT%2fFWOIWjlVe7TNP%2bf03G%2bmSRaa1lPIX898rqHx9ICS%2fqPV8l6VnLZS%2fviXi4PrxsrKX4FyGHVrFX7JuS%2f3Y%2fUsEDr2wNoxH8RoK3XS6f6KDxULZTTa4XgH4FnGlMLBXG2xwioV8a2yyEt%2bQAZZqA%2faS7hqT2imMaEhwig%2boiq2Ktn5T77aCj0uwQnZibvlMh6FrXGnTcf3BDaCj1C78P9iU8xodKzDDCTEBVZiYTrB5KK2bgHEpRaPs8TiD9geF%2bEH%2bzcXYuPjqX7TekwH4g5WVzXHZLxx6%2fS4SnhQJ2CXymJ8H%2fEE4YLrUCBkSa6lFfRbuJcwdM7Cg7%2fmRXYunZvtZZua0SwF0xzIq164aSP4TDOP5yZqFHRwm7OckzPOHq8j5WFszvXgxQwND%2ft7gEGOA8s4xCHIyY%3d&referrer=http%3a%2f%2fwww.auction.co.kr%2f&seq=338483030009&type=1
C4 부스터 오리지널 헬스 프리워크아웃 워터멜론 60 서빙 390 g Cellucor 빠른직구 ,"60,900",http://adgate.auction.co.kr/core/click?nextUrl=http%3a%2f%2fitempage3.auction.co.kr%2fDetailView.aspx%3fitemno%3dC224199987&data=wQq%2b4XegQwlVq07H2mbkCynuqrbTCbjvxaJDOfkIP9QSZIdvzEO6lEnRnvVcmlkuCPPhD%2b7l%2fgwYHpWPrbCbUQSo15CdUXA%2fVdttlIQnegLSUfbL8FIDvM5dUffIq9UD6pUwAtCEszh2dyZRbVE09lVu7nivWsu9qcvz16zlhVy8h6FfomKM2oUxiJ0X8G6p93CwBM8uYAnRkQ4LXdX3vE%2bvUqNNx6KCCtHK%2f2WFi9AcNJ5u2ei5auHzGNU08AvoxizokosW9OF0PTvy%2bJjroJ8zDDRUZzCF5plFAFlQLND%2bL2gD2XG4JkYEZl%2f2%2fP5Vellmgsc4cynhhWAYMDNeixvy%2frod4y3EdhmWYNLGt1pefOJpIp7kP7T9tOYVk8y5b0ZzFwh6l1Jc19oEg3LQ56E5jWSIIbl9G0bsrLxkYrZpG79qagkiEnCXZY1rg%2f8%2f9MO5VSi%2bh2K8g324SmDZCIHMpNYB17%2bKgvRBxETx1t9UYx7J%2bVNcga1Vb0G77%2by77nXJ4u62Y0TQOVcVwdGee41rwGg%2f0hV%2fRtWdoDjg4Fk4N2i%2f7V0meWiWrqQzHHEcYQDrEFg1HZwZFkcY%2fc7bkPvpKrpAWLYxoZLzqVMuf%2f8TQQ4Bz6iY9cLTVCJ8eSFExybOGDA%2bRffWLJIUNWRXenbZgTOgtaTsBUqabBWd4T3O1Zit6ro7WHrwdcLojajEucGlpsMhNKMM%3d&referrer=http%3a%2f%2fwww.auction.co.kr%2f&seq=338483030010&type=1
멜론 머스크멜론 MELLON 메론 4과(8KG) 특등급 ,"71,400",http://adgate.auction.co.kr/core/click?nextUrl=http%3a%2f%2fitempage3.auction.co.kr%2fDetailView.aspx%3fitemno%3dC386175379&data=wBOULrZ26xFHHxcss%2fSZs4Au76sGNC2MHoXVFtoqotGCiiwJRlf2kFRNI3f0mJGMDvbe1pmdi%2fIrkL6VA8Ny6J7lKhgrarSsNeRQC1T5m8O7jo2N0yjPka9B8%2b9rYfwVaAG0MrID4zZXVDXVLFLKzy4bWa0MF5%2f2i%2fvr0afSHzk4dRFutTA69uJ2GNn0OyKL2jcO78S3knjBYwpz%2fc31sV1uVGqurdvAZRcfETHIbArAfXbTv7cGUbeRZZjaYH3o4%2b2j5anKuC3iwHB05qg0%2bFRIIY4J%2f6ukaGdTyIQpTQEWxKfnkWTpK5DDIPDkiVdrXb0%2fUwUZG5GhvURRO9QO2cAkVKEIUGpin2vncO9BCQ%2bj82E2a%2fckNB7DhdkaPZu2DZfY%2bfjg%2f3PDOgoJDcvsT6G%2fxusn1nv4RlHlW1GRyW%2fO66OOC4KpkI9SwBlvh26eQdsxmsoxaixJNww63efQ3J1gPWWbZaq1bZGAvDnBPMFKi7YgMt4TBUA76WJWy1mrXBnILtGqnjzTAssvWku%2fLS7T2RznlW3nV3EyOwntbnDkSQKT2FeahmSa1TEMbFP72mRXornEJmiIXHEswTeH8jiTmit0dI4%2fOL5GUjqIsuMzcYskS2PprnWYylEuLxR5rggDWSb%2f5FzeJWX1%2fOYfXnidcEOdPB4FiqK5w3sUzlNAdXUek0W6GlmnLHDDixXf82UmJsNr8TP8%3d&referrer=http%3a%2f%2fwww.auction.co.kr%2f&seq=338483030011&type=1
멜론 머스크멜론 MELLON 메론 2과(4KG) 특등급 ,"40,400",http://adgate.auction.co.kr/core/click?nextUrl=http%3a%2f%2fitempage3.auction.co.kr%2fDetailView.aspx%3fitemno%3dC386174562&data=wOK0mSUzlb5dmxc8eATGyf0TlqUug5Dh4NMzP6QWOZAGya1f7I8I5f%2faeANRR%2brOSUqsuY%2bLm2uAK4%2bIO8EiZUZNuFpLx0Ol3QeTjXNhPx8T0mam6WjNpT0CxCFJ%2b7mqa1p2GA%2bRgVbZpmIy9bN1hK5ck595Ywgmid%2fnNkjwP3x61Ocpi%2fU1tI97ZC6WZreXFkYtUQ8qOeyThvjXZBDYvIgGKkSRd7oklpSzVYUsi7lbGChECuCn3VvU%2fsl1hHiEjQ3Cb6%2bQA1Rc%2f6AbO%2f%2b41EJ9qjRv96OlRzEeGxtwo2ylWthuIw01yQ83klunqY8DLyPpY2FpFZ54vCpItTjlje%2f0JlU6W6j1TbbEZdvd2axFC%2bTQ60K12IWuGFwzfrcH5r49LcOCfHpW5KtZnoL2%2bFd2EIc8pPC93UdHcCAKUUFDIcP1cuMwyQlBWc9n2rzzDttWaFuyEADYwjsQTlF%2bhDoGZFvxxDC10%2fSiInOM96tG6MMlj5wyrYoFBjUQXxHWTI9U1mrYwtiTy7WTYLjID0y56MVOwFmKTsCAoCZaFLQVWHkeZDDzdOO99eiv5mun2kt0fCyWXjT9mIvOLa26JMBKCZZJOge%2fT58177yubbgvjZe6%2bz4aTgyJeZ5f%2bJW487mBaOZhxLDwunwv19m8B2W%2bf0rAyvcM0Lau3zsjUANYq3H7dniRkk9AI1ly%2bkIqQ%2fjWScxN8eXiLCXz%2b61DX1g%3d%3d&referrer=http%3a%2f%2fwww.auction.co.kr%2f&seq=338483030012&type=1
머스크메론 고당도 메론 3kg내 2~4수 중소과 ,"16,700",http://adgate.auction.co.kr/core/click?nextUrl=http%3a%2f%2fitempage3.auction.co.kr%2fDetailView.aspx%3fitemno%3dA523386644&data=wlq4gjoZn5k06ViBicDA7X3DX6%2fuAg0Pxoni9FhRg0%2bzhdFKwmIedgbWhATBqkVtqJ0i2bb1rLsYQtgfDDuRrNpF4vzvo0JA%2f9528AYHxNM0hfDO4MsIDVW1Sg8Tm98N3mU5nDS2M7J5g5g%2fHdiNqtv1ImCQbEblwlPICUSC4Duo5KhbYrCe2eIYAkdGY289deTEulUdrnm17BS6wM6kDf57qqdf3ZgK1Daqi3nMOhIcEBtHqRGrbyVV9swpSE0wk9xXu1vN8ftp04PUtMfa8HF7T3jEMcnuDJfbQiaUVZ35s%2bHFi63CpgZrlfWn0zYKPOo5gYcoRhL6ZTf2LWFS8M4MH%2fkELIrCeUUsJknXcNNKFg1fxrcLuQfrs4z4rRs8yrtBH%2fe4etYbR1TPjHZk92R64%2f%2fIG57pR6%2bGBLFC06Rm3oH%2b38nc8q8jyk9txQMlR%2b1sVEBQRV52njZeCFm09R0ypmlW0Fd4cuW4qbS24EPsDHIF07OHqKr9Ip7wXXJ04YmrBEWj0EcdUD4WV2yJ%2bWyUunyGKNhrOVUkoENhy%2b8tbx7X9h6LOxFGe%2bLAT4gMHJ1V9mSs2zKTkvlpFwW4LDF5D6Fuy%2fx4EuI9ruGjy5OA8jhtZQhBhto9Km9zwzCPEyZS0MICkskSPoTtuBtYqIJTtm5%2bWIMFFOWDHgd67i3UMLpiBAjlJ5Apayp5jKlXBORKKAU3ahUk%3d&referrer=http%3a%2f%2fwww.auction.co.kr%2f&seq=338483030013&type=1
황금열매 국내산 전라남도 머스크 메론 5개입6-7kg ,"52,900",http://adgate.auction.co.kr/core/click?nextUrl=http%3a%2f%2fitempage3.auction.co.kr%2fDetailView.aspx%3fitemno%3dC358214592&data=w3YoKjKgvE4JvrU0ByKpmtaHcEQh06ONe4f1tnf5bGE0ikrnQOdn%2fZs8vYgdrqKwls13QsD7czPgkNlv7ygq7nRK0gstWMDjMc7alxfSL2%2faEGqdabt7yymtt%2fZFCc7aOQmzyf6TH4UROW%2brwAhFD6OQ68PY%2f4sDiVYbPzWvP49o7oGphuuAGt9nQRq2Vrxj8T%2bnlyiqJM4ui85YLl0mKp0S7NyztatA4Glilr1sbMKpjP2I2nW5%2bVDFG1vxmwmM3jj%2fT90Ig%2bViFeStssWmxNSZQKYydqRejALFseHtNYHNcy4GllnXqIgY9f%2fGnZ5aL1Is0qbGkvdoD57at97aDwagp4qbgOqnYFoMrm%2bbikwLR1M6uYDxxTORS41HqM62vyMtC9r1K8ph8kY%2bZ6JcmSrkwMe6pOVoXhlv6GwaqXhhNDSdTNdjBhaONQZK99d0f4FxnGTc72AEuEPRGKt321v5D44%2ft3tp76RqOytAazCVvAcZ8KWX%2fIoGWpqTp%2fpglWt2wVCbBI%2fhYQ%2bOXVIzKrE0KIMmNnbafZeA%2f%2bcyoA5hs%2b8bBK6HDdiiLt7FW3kdyOSKWQrtG4%2fMRTbQgXU%2bHVTQoI5CbGFR55dHsiNmUywRyK5UMnySnrN9VAgeaz93Wy5aKvKjL%2bDyy81JXnxhMq5fden0tM8YBG25RZJ0t2pU7Jg5zXA2sP6itvv9Jydr8DKbC16cpRhY%3d&referrer=http%3a%2f%2fwww.auction.co.kr%2f&seq=338483030014&type=1
멜론 사무용 사무실 공부 책상 테이블 데스크 ,"101,970",http://adgate.auction.co.kr/core/click?nextUrl=http%3a%2f%2fitempage3.auction.co.kr%2fDetailView.aspx%3fitemno%3dB838381501&data=wPd%2fWwWhsLK%2b59NCEgJR%2bmrAU0puzvqNpV6iHV56S2EXRs4XYhZ4d2m0Cypf3YALwKCjspWtKeAk43Uh5pqGT1nBA7h6LJhtW%2fbMrZj7O%2fpojrcN%2fJ5nbV2dFyjMMUfrK0u1eUKvvpN9vAvugOglprLT6fzyXNl3%2bWHFbuA37Z1M%2bwbqIiah3hjrD1CPJgbnvfEFfF%2fyss3Qu5OrshivKzFGDQS1KLmxigSZKDHGhanJrXG2pyl96p3Lz9GAbF5sNMJn3az8fObM9lo7ivJHXtUt2fntfP0IQOp7Z9NG0BgTNN2Ne7eKMmB4DVpXUaoxeET2hhXV2UXX8HYkp%2focfn8yBmIW1%2bK7rVAEzmp3UNCfGZaUXPzU4TgNnCBBDpJSwXap%2fX2Gl4%2fbFYKdryPuimdQE2iyazag%2fsoIjdxY3aI8vCj8%2bjQ5BsMn2D8VnJJfnezJJRAIytylQQ6PMyqszP%2bBS8d20UN9ySRFJM8%2bO44Q1yr4I8R7HpA7p8Y%2f4wQAsUY1SyNaT9jFCkHaEI9vlM%2fiYjL4zmX5j%2b48H9YCAwAtr21KgzB8z8DkuCL6SCUOG4qZh8es1jB6%2fJmOktBnE1apdECLTnfsXN94n9jAPzJMbxOd01WLdqEAC%2fjxgiO9JC8cR444uCyKDx%2b%2fgRj3iQtxLekrXt9hHgXnc2ICVLNfpICkFhx5Gpw6T7ng%2fkvywvy7bmaOWW0o%3d&referrer=http%3a%2f%2fwww.auction.co.kr%2f&seq=338483030015&type=1
프리미엄 고당도 세론이 멜론 세지메론 5kg 3수 ,"66,900",http://adgate.auction.co.kr/core/click?nextUrl=http%3a%2f%2fitempage3.auction.co.kr%2fDetailView.aspx%3fitemno%3dC560472720&data=wjVF2FirLS%2bxETy%2f0QwvIYPnUT%2b0b89tUWEfzVMe%2b1hh71Ki%2ffRWyGQt6W2gWbGW0yTRWm6aDlI%2bSLnsqyHNepefeyNCPkspga4F4eCm%2fPML%2fwHUZ62wsPoQ%2bPAbaQi0wBjwMlu4poLx0pP%2fXmaH1sfZWhsZtbs7%2b0HK9LFPpB5fyYYLhzkvfF%2fWFiboA4i%2fiMtRtvOcEblG8Ah7QWYja0tOkijvgpZN%2fvrEugBbI3h0qByjjng93yTvfZ9pU3zbs0UYmptU0lA%2fdopc4PGxi1S%2bJH%2bIM8rMoLfauuLkcyrzBBnW0ode728yJ2Vp%2f1uJsi5qvL3rRJBB3hU22%2brGlbNJX%2bhivh6QEwZ6XWV3ErePqLrhF6yhgfCJkTP09WJi8OV9V8pbdkO2uKlWgPR2XmuYyduu1fksQuNFWYoAEOUAh3oWPjUeCRlbuGeutgFYX8eb6x8aytNCQZjKXBf0mBDSODmUbRyoGNM3FwFYInW6efg84JG3dHidRr3JbFJPobSvDibgdf7ztd7peicNwzfjCH1oBdyp7p9Ct8z4GTxv%2fr5cwIsQd5%2fB3bqWNyJQU5hnLRnXQVNHDudvgPPVfshs%2b68vfgpuJlv4Bx4%2bP2rhqQArO5n7hgMAPz%2fxWjDTyx1s8H%2fCHvwHMAwzvF46bM3jrs5YYt3mEr58sskPmXm5Wq1lH6zUbS2rVqoeXmgcqvh8doH5I%2ftk%3d&referrer=http%3a%2f%2fwww.auction.co.kr%2f&seq=338483030016&type=1
고당도 국내산 머스크 메론 8kg 이내 4수 한박스 ,"39,900",http://adgate.auction.co.kr/core/click?nextUrl=http%3a%2f%2fitempage3.auction.co.kr%2fDetailView.aspx%3fitemno%3dC357156398&data=wyF8nBF5RAO%2bGXBV4D9YqvKh4ZGovotfrKXQ7dAJV5tGMsJXjpdtvkOh3HgE1S4TEPXQVVt6jRwPdsGS6Qn1dvVnY8sHPchPO4widhQB1AfuFxhQ59LyRh%2fMqIlWSyyWKyWUAvfhWsXpD5SnxH9of1AKaKHwia3Tw0rJIzeWhLpgtD%2fvlkaSSal3nSjhRRYMIpH%2buSQfAtLZoJEgQsbGilKdMXfo%2bs5r4LwRFKlAaZcrWb9dHSFxabFZrh5kqkKAedDPjUD5rr%2fGFWwdkepCzr0n5eOpwHJgXGkcFRA%2bnGf1ES6HBk0RGtfzV%2bCh7tv9VKELJ50mhLyQiWge4k7Wto6t1pu0Evhcor6JJav9OyknN1x9cHOvJCseOgRKHjCnUMiaY8D1iEhEgPpkIDyHTfqOrE5XQ%2b2Bv%2fv8Zdfblmr%2bZGdCvwqTuXm4rJZTztTTyXVsi%2bX5EacxZYnZ8JCkBuicDkStaN5UVl1wRszRgdkg%2f0zrsvWhV2MsTgdEapSclNvJdkAVW6IkP8nu29n4j5W6J%2fGXAWHfw2UEM3uDjfUyJqpjb%2bfOTru3MK6MastMPRHzEW9uD%2fZl4RtZabIN0TqHRlzaaFCZr48q%2f%2f%2fbfvC5Lwlhg3MJu7Y%2fCdij1q%2bTNcLPVgIap7jG9xxX18ARqL5f%2bjOUF2bzVITaocfn5Gf6CFW5vwzmTaPVgBA%2bIrhJlvAD6QbLbsMM%3d&referrer=http%3a%2f%2fwww.auction.co.kr%2f&seq=338483030017&type=1
국내산 고당도 최상품 머스크 메론 멜론 3과 8kg ,"39,900",http://adgate.auction.co.kr/core/click?nextUrl=http%3a%2f%2fitempage3.auction.co.kr%2fDetailView.aspx%3fitemno%3dC557890334&data=wsP07Kgqvfbxf0kI59QzNxcu4TDG7NMteXYOBvkGm2M13zfFuugI5BuerdjTfgoyO83aX3bG6dSvl5uxmysme8iHwB4KVDIlX9%2f83z71nxLItjr1Of9qJHvlgZoqvLIa%2b1yhLhMfbagch3KolselCUqFRUdFK974EgaIZ1NbD24oxssLqm%2b00tR%2fjxnqpdII8104Yv%2buwbj0Zedy8W5ugR80HSwVwRCEFOvrc51pRiaJV8sxtV21HHsZbemW3Lm%2blTl8zyxhpyq6%2bfrbpf9Vqb%2fsqd7wYztvAGLYYm%2bRJv3MwwdHRip0raK%2fgAlpJzCxZjA9o%2fz7jaHjVbqN7rxmV9HoAaOfJs8124ycC1I1Z6zxEJ5Zd8Xo4r9dmMYTz8644cg%2f7Av6lFz%2bxaebN7f9ONTKyDBaclhKdGSao%2bnviWzBLvECcq1ANKTpnUne7ayL2oNixy9sUmIwGIY3naIYtDJO6BSorcRN4meUOIU8%2fMjzvhL4IROE6MbIrAF0ZzVry3zBvF5INZffeae81TWqkMs0ri%2f8T1R%2bs%2fYwoHLcXQgitgdGkVaYBOpm8XIC%2bNkFU9pGtS17RATGY%2fTg54FDA7PjZkU3XYp5pw08zK3QIti0Obi0vh%2feeGtcR10HAGqDzRy5e3sAK8%2fYGrTP9vSIoEteqw%2b0ETJh%2fvCa5KYx2cQKOuc11DJow6erLrx6F1EhRBM%2b1lWuz1RQ%3d&referrer=http%3a%2f%2fwww.auction.co.kr%2f&seq=338483030018&type=1
고당도 국내산 머스크 메론 8kg 이내 5수 한박스 ,"38,900",http://adgate.auction.co.kr/core/click?nextUrl=http%3a%2f%2fitempage3.auction.co.kr%2fDetailView.aspx%3fitemno%3dC357156910&data=wlq4gjoZn5k2iC2OIvN8NY1VXhWobPkkpxEoFPHW85%2fs%2b53RfNYNziTTWqsGEeg6kiI0Qri0s2ob02%2fRrug3uv24P%2b6BkIj7s0Qdl09O6BgwG8CoVW4xYfVOTAAHNv8VstcVT23FhRPwxnVqiiu9aXc4nHeWTIXnjRF3B7Ckj%2f6lXd%2bkh1Y%2fA2FQf2vlRAEMGjJ29U0xJ%2fZZk8n1SG4zPSwJpFzajpSLA9TGlFl4SNV7dNyQnsGSjeRl58dygSbaIh8syS2Lc0MlBeevrLqXpP9ffylz7fR7F8pKKoxQz%2bFB6nlSp%2feHDMOO981HII5i%2bnOCq5bGTd38cMBoAsCkJxuaaufKOJUBLB7KWDVDYdW9ZQf1X9nF8zVq50SGOKCs8gNKIHgFQrU9BNYflW3lAXXdTC6MbBAO2eJN6Gmt2QXBeCWgCY8bZDpgoAEqoocWpQ6tBjwnJIRQgIthkVwcuwG9YYWqHH6R%2brmhM7fF5sNIQPp2T1n%2bFR0siQW053nyZP8Ln0lJVSTmfH9W2rTKy0SbI9dPAWq8zrI1A0WbIbOfK%2fqPp0vULnYLeySMSYtVONNwasni1P%2fV8PCwP%2bVorO88YX8CB7yNQvuBj1AEDR4PwHrGypFPRWfViwc9O4IWrDJQUGOze2NV4IiiZm6cbc4w5gIrZ7QeEMYc8Z2XCr4HCRLPul%2fkfvX3s1ULnH87XqyQIUEWb94Q%3d&referrer=http%3a%2f%2fwww.auction.co.kr%2f&seq=338483030019&type=1
하미과 메론 3kg 함안 고령 메론 멜론 ,"32,200",http://adgate.auction.co.kr/core/click?nextUrl=http%3a%2f%2fitempage3.auction.co.kr%2fDetailView.aspx%3fitemno%3dC604558409&data=w3YoKjKgvE4JcYHV0nR22bzC6a0AkKzop9RJJro8TGYxpttFRd8ZSv8QWMUYUPZTzTkrwdMxZxUHfaR%2boAH0ShdkbJxyGfzHmv4X55cFaUqwzoF4ijsri6gXRFXEHP38iYkXB71AuwY2vNPvfY8%2fudRbC%2fs2%2fY1F8u%2fO79bJEhvyyEh4tugAye23Jfti0gqzT5MY%2bM%2bXs59QONKYLCapnzzgwZXWHMGgHNNycYZtRSyutfN3YnfIZK81QTy9nnzQ0Qer222x1DUzuL5C41kgKxROvyi3ra7gF9VUwOEPh3RH3XIu12TprGQAi3Zf3zuJD7gQ5VAjDwWwpwRj7y3ham9zehjqu8r%2bIyP2TaWKbaL2v1b%2blgJcbzNuCh1K8CUTtTe3lF%2bqs%2bDoykzQJrNJnkdDzLzwpwBb17%2fAqzYrPRhhi5n9ZBPaoiwtX5zt96kN%2fg3sj8wi3G0Qt6b35YMq%2fr78qZk9Pzukf1VVR3vn8dEbj0SfGQ5YcVHHW5l9DllZt49OdLaQYN6qV2cVtWXU06EuU4X1ON9OdlvuZ16knYufcsY6IIOIzPiohEYttXTLWLtqrY9RTagLGdbIeglWHWrwl0P%2bV%2bEvoQiryvnYjGynhw4LlGGebIhl2bzSqOsgvpgPsPQL3%2f4ZuQ9cahae71HCbMCinHJVsYL3HRBLHvprssS9ohV9ZLOseEBr2NDS%2bgRu%2fIxDu224%3d&referrer=http%3a%2f%2fwww.auction.co.kr%2f&seq=338483030020&type=1
하미과 메론 5kg 함안 고령 메론 멜론 ,"47,600",http://adgate.auction.co.kr/core/click?nextUrl=http%3a%2f%2fitempage3.auction.co.kr%2fDetailView.aspx%3fitemno%3dC604558724&data=w3YoKjKgvE4L6otUUYt%2fqaNNSQKrx8EEwjpiQQwa%2b3ExVonOEJdg%2fNNyJqrtSVmkkXN9Lv%2fUPzzlWmxB%2fQR8dOEoWL%2bTZAIZUz%2b67fQeN%2frpXBVzMzTJ0NpOLzuPdMoJ7VRSDOPIUqozvMwRi6idhnnNBl3vyWZD0nwYDPbhLIe4YMC%2frOOYIbTq4mpA1J1erIKCPKiYvQxUliDR8FXTFH7I2C%2fxfTVKTjhQRmZBAducwJSYXNvgKiUHwPQhp5WlQVSlb3M%2fnAh58WQWpsevZBNis5VD8C4bwhUBnCRwT3BXNlxpZDpsuP9Qq6Z%2bk6s%2fR6mQpOxSlv8cfuKhzlUT59IyOu5IwYDrobXPwa9QoosUzDIjXpQ85fBbPp4CLaWVb57RS3EjdZkMw3g4ZCEGeLzPB07rs%2bj4Cm%2bE6UKw%2bBTkzxauclqcem6%2f6PwHTFKhjUtrJQm1oS8q8BaZ9bx1WH6P2aI%2fh1METrQVY9fTEshHCtdh0KLLTDl2oKk8%2fm1PSpgvXtPrzM3ATaMzl5q7ya93uxB2c0wyFOQPpXGK9No5AjOnZwd6FAA4lQtSq2EMjCFRbDEqjTUkI3TrbNoqeFyeb2BZ0LLlvdjijloAbeHid6J5G9pahPObpCgP8pOYaVs3Wk9IH7DWkK8ekSbKIVxYgWohnjzfinGQpG6fKEAAKlGGDWSlmnfNzywx8M6MUlywt0xPv%2b9k%3d&referrer=http%3a%2f%2fwww.auction.co.kr%2f&seq=338483030021&type=1
미라클 M100 블루투스 고급형 노래방 마이크 + 미러볼 ,"69,800",http://adgate.auction.co.kr/core/click?nextUrl=http%3a%2f%2fitempage3.auction.co.kr%2fDetailView.aspx%3fitemno%3dB846028695&data=wOK0mSUzlb5c9btZkh8i%2f0xGCJvwaT2tUscVXNXYiJdRFUHSWVPH1yZmR54ttKICgmaA%2fKW9yUW%2bygZqD00ApSELt0VAvYH%2fIb5CeHljgvxdQ3sCV4Gmzl3rvBBcqUYfJ9nR5HP%2bBX%2bVaU6o1l86T3awukLLeUTVzgq4IsmnfzT1hnN659CQbWYHRUTotfh%2fXFzHZoN324frZkRvU%2fH%2bLgsOiX8sbw0XibGFFkuYxBH3DHO1ic2D4zLqR6qxBnxLdP98Vy1PLs031OaagPvlegbzR3o7Bq9ziC7%2fv%2f33PfswwwtgPLd2sAdbWebMIwd5dlW%2brgDLQQ1p1fuXVuAl9X%2bN%2fs5RXS15oSToAcppVjFymALzmyyzeaTujdlBEhnJczGSSJLUC6u9DdIx%2fozrQ01tstXRBneiq8ctQ%2bmXUBb8E%2fOTy8HETp%2fha%2bYvDj8QegZQV8jMy4aj0Vm0cbMbhe1mHlydLrWnybCCmmQ3ZOTTabgtr%2bTZK3KM3ca%2fsyeV%2fylVkdls9nl%2fjJ%2bnMJFRGyrrLcqZImi66R%2f5tdgjSAmqOFXF%2focshHLbL%2bCHiC7%2ffJJm1FZGgr8EOvaA2wn1wRBLj5Gg2QtlSSVeIXSc1WQmjojdCC8VY%2bDaaskv85imvC2RPoJ9qIpOp5%2bL642QfSRFuenkjkq7B6mHxpSwptT5nu7zcZX5cuUwRcnMOpNXiSPgpJKUkUpM%3d&referrer=http%3a%2f%2fwww.auction.co.kr%2f&seq=338483030022&type=1
하미과 메론 2kg 함안 고령 메론 멜론 ,"25,200",http://adgate.auction.co.kr/core/click?nextUrl=http%3a%2f%2fitempage3.auction.co.kr%2fDetailView.aspx%3fitemno%3dC604558567&data=wyF8nBF5RAO%2fZl%2b7HOqbN3cSVycJV21k0CnH%2fSl%2fPrYYAxngn%2fVd12Jzjn60uFsH29Ch2rhT4582i2WRHM3IIX%2fMxDbQhBbqz0xvmm884nhhgOZlOZ%2fYru21B1TGWyW4ZYqpO17kRNhmxHnauikAkAf5QzcK5qwfIWoMhE%2f2NRFq2L0GBZ2VxjA5nh6RHYiydNy5QH4BC0%2fHmmVLJSQQP%2bm4HBHiedUOGQAX4r9gyhGN4EsbS3H%2feOX1kwdY%2bEOOoDlT1OJUSeZlYjUzzelN%2fvmGKXw3sdF0n7ZPV6nDozKzC%2bwRpwJeesEcGK3EUvbmDe%2bpgFdmXMl4Q1N6oIYujtgeEMyuVkPeKkHvAt9t7QnlReYg%2feoelBKHe81H8cmUNaL38dNQ3I7t5qAidgHHEwO3gK5JVcwFdrVN70dcrEgbJ0d6jX6eapjN0zBEE9GlxH0H6SigvtERmE3oE1SzfL2EfC7IymC6NBoc771cOpKWATOflnPw59PAawknfT3hZDvpG%2fQkljR3Cu3RJhmH7eXsPO1XwoiTF3%2bv0LmnFkdy40yHiwyvdr6mPofqTcw3kGf%2fLMVu9uXZWs%2bO0rfoznglFZb%2fLUN3W9gJZCZl96uM0wNNzEMdyA3zYqmI1SnAOK8hBAJMoDEzm9VW9JHa0sdoJ5iVeVHOK2zQrUIQg68UnHHTzzOkm0OcoJKpe91nzr4ncNfpmCw0%3d&referrer=http%3a%2f%2fwww.auction.co.kr%2f&seq=338483030023&type=1
푸시캣 고양이 콘돔 30P 초박형 메론향 러브 성인용품 ,"14,000",http://itempage3.auction.co.kr/DetailView.aspx?itemno=C558412344
아이오감 버블클렌저 멜론 250ml ,"11,900",http://itempage3.auction.co.kr/DetailView.aspx?itemno=C468466908
씨스팡 칸탈로프멜론SOD 혈관팔팔 2박스(1개월분) 본사 ,"46,000",http://itempage3.auction.co.kr/DetailView.aspx?itemno=C498697175
20배농축 칸탈로프멜론 분말 가루 500gX1봉 칸탈루프 ,"23,900",http://itempage3.auction.co.kr/DetailView.aspx?itemno=B641529524
20배농축 칸탈로프멜론 분말 가루 500gX2봉 칸탈루프 ,"46,900",http://itempage3.auction.co.kr/DetailView.aspx?itemno=B641530509
씨스팡 칸탈로프멜론SOD 혈관팔팔 6박스(3개월분) 본사 ,"131,100",http://itempage3.auction.co.kr/DetailView.aspx?itemno=C503728980
메론 머스크멜론 / 메론 7kg 5~6과 중소과 ,"29,900",http://itempage3.auction.co.kr/DetailView.aspx?itemno=B818299483
머스크메론 고당도 메론 3kg내 2~4수 중소과 ,"16,700",http://itempage3.auction.co.kr/DetailView.aspx?itemno=A523386644
머스크 메론 6kg (4~6수 중소과) 대용량 ,"28,900",http://itempage3.auction.co.kr/DetailView.aspx?itemno=B729096854
메론 양구멜론 2.5kg 2~3과 넘버원 ,"17,900",http://itempage3.auction.co.kr/DetailView.aspx?itemno=B681995703
경북 고령 이규수님의 양구메론 멜론 3kg (3~5개 내외) ,"25,900",http://itempage3.auction.co.kr/DetailView.aspx?itemno=B841968015
메론 머스크멜론 / 메론 2.5kg 2~3과 ,"16,900",http://itempage3.auction.co.kr/DetailView.aspx?itemno=A543736555
메론 양구멜론 4kg 3~5과 넘버원 ,"27,900",http://itempage3.auction.co.kr/DetailView.aspx?itemno=C347922238
호주산 비터멜론 여주 분말가루 80000mg 최고함량 365정 ,"80,000",http://itempage3.auction.co.kr/DetailView.aspx?itemno=C604492546
국내산 여주정 환 쓴오이 비터멜론 90정 HACCP인증 ,"23,200",http://itempage3.auction.co.kr/DetailView.aspx?itemno=C265973509
푸시캣 고양이 콘돔 30P 초박형 메론향 러브 성인용품 ,"14,000",http://itempage3.auction.co.kr/DetailView.aspx?itemno=C558412344
매우얇은 초박형 유니더스 푸시캣콘돔60p 콘돔 메론향 ,"22,800",http://itempage3.auction.co.kr/DetailView.aspx?itemno=C611887813
하미과 멜론 메론 수박 멜론 메론 5kg (2-7수) 실중량 ,"37,900",http://itempage3.auction.co.kr/DetailView.aspx?itemno=B840072039
(전단상품)유명산지머스크메론_통 ,"11,990",http://itempage3.auction.co.kr/DetailView.aspx?itemno=B267547930
명품 골드 칸탈로프 멜론 메론 농장직송 4kg ,"55,000",http://itempage3.auction.co.kr/DetailView.aspx?itemno=C429704650
프리미엄 특등급 머스크멜론 멜론 3수 8kg내외 ,"58,800",http://itempage3.auction.co.kr/DetailView.aspx?itemno=B890839855
GAP저탄소인증  산지직송 경북 칸탈로프멜론 8kg(4수) ,"84,900",http://itempage3.auction.co.kr/DetailView.aspx?itemno=C604694207
단아프레쉬 고당도 머스크 메론 7-8kg (8수) ,"25,500",http://itempage3.auction.co.kr/DetailView.aspx?itemno=C379672002
경북 고령 이규수님의 멜론 양구메론 5kg (3~6개내외) ,"42,900",http://itempage3.auction.co.kr/DetailView.aspx?itemno=C333600670
머스크메론 고당도 메론 6kg내 4~6수 중소과 ,"28,700",http://itempage3.auction.co.kr/DetailView.aspx?itemno=A537864745
메론 8kg(6수) /가정용메론 / 우체국배송 ,"37,900",http://itempage3.auction.co.kr/DetailView.aspx?itemno=C358257222
고당도 국내산 머스크 메론 8kg 이내 4수 한박스 ,"39,900",http://itempage3.auction.co.kr/DetailView.aspx?itemno=C357156398
프리미엄 얼스메론 특과 4kg 총 2과/20%할인 26960원 ,"33,700",http://itempage3.auction.co.kr/DetailView.aspx?itemno=C591628077
머스크메론 고당도 메론 3kg내 2~4수 중소과 ,"16,700",http://itempage3.auction.co.kr/DetailView.aspx?itemno=B713338320
당일수확_부드럽고 달콤한 양구메론 5kg ,"37,900",http://itempage3.auction.co.kr/DetailView.aspx?itemno=C341488025
 농협  백설멜론(홈런스타) 2kg(2수) ,"19,500",http://itempage3.auction.co.kr/DetailView.aspx?itemno=C603419337
 경상북도  황제메론 골드하미과 2kg 2-4과 ,"24,900",http://itempage3.auction.co.kr/DetailView.aspx?itemno=C609270068
 경상북도  황제메론 골드하미과 3kg 4-8과 ,"54,900",http://itempage3.auction.co.kr/DetailView.aspx?itemno=C609270105
프리미엄 멜론 4kg 곡성멜론 멜론가격 시세 ,"51,770",http://itempage3.auction.co.kr/DetailView.aspx?itemno=C518915151
고씨네 특급 멜론3kg 국산메론 멜론종류 멜론과일 ,"119,950",http://itempage3.auction.co.kr/DetailView.aspx?itemno=C566057700
영화농산 프리미엄 멜론 24kg 곡성멜론 멜론가격 시 ,"223,730",http://itempage3.auction.co.kr/DetailView.aspx?itemno=C539352193
영화농산 프리미엄 멜론 28kg 곡성멜론 멜론가격 시 ,"260,920",http://itempage3.auction.co.kr/DetailView.aspx?itemno=C539352235
영화농산 프리미엄 멜론 32kg 곡성멜론 멜론가격 시 ,"298,110",http://itempage3.auction.co.kr/DetailView.aspx?itemno=C539352306
영화농산 프리미엄 멜론 36kg 곡성멜론 멜론가격 시 ,"335,300",http://itempage3.auction.co.kr/DetailView.aspx?itemno=C539352443
영화농산 프리미엄 멜론 40kg 곡성멜론 멜론가격 시 ,"372,490",http://itempage3.auction.co.kr/DetailView.aspx?itemno=C539352499
메론 멜론가격 시세 프리미엄 곡성 영화농산 20kg ,"144,520",http://itempage3.auction.co.kr/DetailView.aspx?itemno=C543244696
메론 멜론가격 시세 8kg 곡성 영화농산 프리미엄 ,"57,900",http://itempage3.auction.co.kr/DetailView.aspx?itemno=C549584381
영화농산 프리미엄 멜론 20kg 칸탈로프멜론 하니원멜 ,"184,690",http://itempage3.auction.co.kr/DetailView.aspx?itemno=C589856210
영화농산 프리미엄 멜론 16kg 곡성멜론 허니듀메론 칸 ,"148,840",http://itempage3.auction.co.kr/DetailView.aspx?itemno=C589856490
영화농산 프리미엄 멜론 12kg 곡성멜론 허니듀 칸탈로 ,"113,070",http://itempage3.auction.co.kr/DetailView.aspx?itemno=C589856729
영화농산 프리미엄 멜론 8kg 곡성 허니듀 칸탈로프멜 ,"77,230",http://itempage3.auction.co.kr/DetailView.aspx?itemno=C589857041
영화농산 프리미엄 멜론 4kg 곡성멜론 멜론가격 담양 ,"41,390",http://itempage3.auction.co.kr/DetailView.aspx?itemno=C589857274
영화농산 프리미엄 멜론 20kg 칸탈로프멜론 하니원멜 ,"163,310",http://itempage3.auction.co.kr/DetailView.aspx?itemno=C585670529
영화농산 프리미엄 멜론 16kg 곡성멜론 허니듀메론 칸 ,"131,740",http://itempage3.auction.co.kr/DetailView.aspx?itemno=C585670728
영화농산 프리미엄 멜론 12kg 곡성멜론 허니듀 칸탈로 ,"100,170",http://itempage3.auction.co.kr/DetailView.aspx?itemno=C585670980
영화농산 프리미엄 멜론 8kg 곡성 허니듀 칸탈로프멜 ,"68,600",http://itempage3.auction.co.kr/DetailView.aspx?itemno=C585671165
영화농산 프리미엄 멜론 4kg 곡성멜론 멜론가격 담양 ,"37,030",http://itempage3.auction.co.kr/DetailView.aspx?itemno=C585671348
영화농산 프리미엄 멜론 20kg 칸탈로프멜론 하니원멜 ,"174,820",http://itempage3.auction.co.kr/DetailView.aspx?itemno=C586341634
영화농산 프리미엄 멜론 16kg 곡성멜론 허니듀메론 칸 ,"141,010",http://itempage3.auction.co.kr/DetailView.aspx?itemno=C586341706
영화농산 프리미엄 멜론 12kg 곡성멜론 허니듀 칸탈로 ,"107,120",http://itempage3.auction.co.kr/DetailView.aspx?itemno=C586341790
영화농산 프리미엄 멜론 8kg 곡성 허니듀 칸탈로프멜 ,"73,230",http://itempage3.auction.co.kr/DetailView.aspx?itemno=C586341866
영화농산 프리미엄 멜론 4kg 곡성멜론 멜론가격 담양 ,"39,340",http://itempage3.auction.co.kr/DetailView.aspx?itemno=C586341953
영화농산 프리미엄 멜론 20kg 칸탈로프멜론 하니원멜 ,"179,110",http://itempage3.auction.co.kr/DetailView.aspx?itemno=C589851225
영화농산 프리미엄 멜론 16kg 곡성멜론 허니듀메론 칸 ,"144,330",http://itempage3.auction.co.kr/DetailView.aspx?itemno=C589851436
영화농산 프리미엄 멜론 12kg 곡성멜론 허니듀 칸탈로 ,"109,640",http://itempage3.auction.co.kr/DetailView.aspx?itemno=C589851636
영화농산 프리미엄 멜론 8kg 곡성 허니듀 칸탈로프멜 ,"74,860",http://itempage3.auction.co.kr/DetailView.aspx?itemno=C589851809
영화농산 프리미엄 멜론 4kg 곡성멜론 멜론가격 담양 ,"40,170",http://itempage3.auction.co.kr/DetailView.aspx?itemno=C589852015
영화농산 프리미엄 멜론 20kg 칸탈로프멜론 하니원멜 ,"159,710",http://itempage3.auction.co.kr/DetailView.aspx?itemno=C585515386
영화농산 프리미엄 멜론 16kg 곡성멜론 허니듀메론 칸 ,"128,770",http://itempage3.auction.co.kr/DetailView.aspx?itemno=C585515547
영화농산 프리미엄 멜론 12kg 곡성멜론 허니듀 칸탈로 ,"97,920",http://itempage3.auction.co.kr/DetailView.aspx?itemno=C585515699
영화농산 프리미엄 멜론 8kg 곡성 허니듀 칸탈로프멜 ,"67,060",http://itempage3.auction.co.kr/DetailView.aspx?itemno=C585515832
영화농산 프리미엄 멜론 4kg 곡성멜론 멜론가격 담양 ,"36,210",http://itempage3.auction.co.kr/DetailView.aspx?itemno=C585516015
영화농산 프리미엄 멜론 20kg 칸탈로프멜론 하니원멜 ,"174,870",http://itempage3.auction.co.kr/DetailView.aspx?itemno=C586332464
영화농산 프리미엄 멜론 16kg 곡성멜론 허니듀메론 칸 ,"140,940",http://itempage3.auction.co.kr/DetailView.aspx?itemno=C586332593
영화농산 프리미엄 멜론 12kg 곡성멜론 허니듀 칸탈로 ,"107,090",http://itempage3.auction.co.kr/DetailView.aspx?itemno=C586332724
영화농산 프리미엄 멜론 8kg 곡성 허니듀 칸탈로프멜 ,"73,160",http://itempage3.auction.co.kr/DetailView.aspx?itemno=C586332843
영화농산 프리미엄 멜론 4kg 곡성멜론 멜론가격 담양 ,"39,230",http://itempage3.auction.co.kr/DetailView.aspx?itemno=C586332932
머스크 메론(8kg 4과내외)/품질보증 추천과일 ,"60,000",http://itempage3.auction.co.kr/DetailView.aspx?itemno=B712578498
머스크메론 3kg내 2~4수 중소과 ,"17,900",http://itempage3.auction.co.kr/DetailView.aspx?itemno=A534077145
머스크 메론 3kg (2~4수 중소과) ,"17,900",http://itempage3.auction.co.kr/DetailView.aspx?itemno=A543353591
제철과일 고당도 멜론 메론 세지메론 3수(5kg내외) ,"60,900",http://itempage3.auction.co.kr/DetailView.aspx?itemno=B858761351
머스크메론 6kg내 4~6수 중소과 ,"27,700",http://itempage3.auction.co.kr/DetailView.aspx?itemno=B737189742
국내산 머스크메론 5 - 6 과 ,"38,700",http://itempage3.auction.co.kr/DetailView.aspx?itemno=C240759899
세지 메론 5kg ,"67,260",http://itempage3.auction.co.kr/DetailView.aspx?itemno=C569456278
